community,total_txn,fraud_count,fraud_rate,avg_amount,is_fraud_ring
0,3,3,1.0,-0.30275507114744166,1
1,3,1,0.3333333333333333,7.0884743473299325,1
2,1,1,1.0,3.045203661007476,1
3,3,3,1.0,0.6595402780688885,1
4,19,19,1.0,-0.2925349424704078,1
5,20,20,1.0,-0.2938377698595682,1
6,8,5,0.625,-0.29260113183818903,1
7,16,16,1.0,-0.22901383357786625,1
8,18,18,1.0,-0.2378179898615866,1
9,1,1,1.0,24.97980856563963,1
10,18,18,1.0,0.03840331633247166,1
11,6,6,1.0,-0.2934395304967512,1
12,1,1,1.0,2.2030322084818,1
13,2,2,1.0,0.09103612100887305,1
14,10,6,0.6,-0.2474254174526654,1
15,11,1,0.09090909090909091,-0.15996900465565314,0
16,1,1,1.0,10.401173758121988,1
17,1,1,1.0,16.724516174107457,1
18,12,12,1.0,0.5312536388830666,1
19,3,3,1.0,2.3280467640140667,1
20,9,9,1.0,-0.2934395304967512,1
21,4,4,1.0,1.0897785230210295,1
22,8,8,1.0,1.0897785230210295,1
23,6,6,1.0,1.0897785230210295,1
24,16,9,0.5625,-0.24564207363934884,1
25,2,1,0.5,10.058757772654232,1
26,3,3,1.0,1.0897785230210295,1
27,10,7,0.7,-0.179305526444491,1
28,1,1,1.0,1.1571298819255222,1
29,10,5,0.5,-0.2304338713058059,1
30,1,1,1.0,9.713547124991267,1
31,10,4,0.4,-0.21578984140292037,1
32,14,1,0.07142857142857142,-0.15189987124592028,0
33,3,3,1.0,1.2727357414005915,1
34,6,3,0.5,-0.1607629427792915,1
35,8,7,0.875,1.2924788653671488,1
36,1,1,1.0,-0.1354013833577866,1
37,1,1,1.0,10.547474324041085,1
38,4,3,0.75,-0.14944456088870253,1
39,3,3,1.0,1.2308158084724843,1
40,1,1,1.0,4.44504995458674,1
41,5,5,1.0,1.0569132956053935,1
42,2,2,1.0,-0.08900999091734785,1
43,1,1,1.0,6.107315028295955,1
44,9,9,1.0,-0.0074990102238058475,1
45,3,3,1.0,1.1750622976781013,1
46,1,1,1.0,2.110948089149724,1
47,1,1,1.0,3.507440788094739,1
48,1,1,1.0,4.781527282889681,1
49,4,2,0.5,-0.08855585831062668,1
50,1,1,1.0,0.4464472856843429,1
51,4,4,1.0,1.849262907846014,1
52,2,2,1.0,11.06232096695312,1
53,1,1,1.0,1.6474533640746176,1
54,6,6,1.0,-0.2521716854141922,1
55,1,1,1.0,8.747292670998393,1
56,1,1,1.0,2.5469153916020404,1
57,6,1,0.16666666666666666,-0.051794406017839224,0
58,12,1,0.08333333333333333,-0.058885861338177414,0
59,11,4,0.36363636363636365,-0.282641972015269,1
60,17,1,0.058823529411764705,0.644745007623674,0
61,8,4,0.5,-0.2930552644449102,1
62,20,1,0.05,-0.017145252567595876,0
63,17,1,0.058823529411764705,-0.2685916957434828,0
64,19,1,0.05263157894736842,-0.03792650773864024,0
65,4,1,0.25,2.158806679242647,0
66,19,1,0.05263157894736842,-0.2502105189614153,0
67,1,1,1.0,4.722979109900091,1
68,1,1,1.0,6.957311534968211,1
69,12,1,0.08333333333333333,-0.0686788234472158,0
70,20,1,0.05,-0.16195766086774258,0
71,2,1,0.5,3.149165094669182,1
72,5,1,0.2,-0.12824704813805626,0
73,4,4,1.0,-0.27824355481031227,1
74,1,1,1.0,4.051002585062531,1
75,1,1,1.0,2.080905470551247,1
76,2,2,1.0,5.774959826730944,1
77,18,1,0.05555555555555555,-0.1074935761584263,0
78,1,1,1.0,3.4653811220568715,1
79,1,1,1.0,19.10934115838748,1
80,1,1,1.0,-0.042199399147628,1
81,2,1,0.5,4.133514986376022,1
82,1,1,1.0,-0.2248305736044155,1
83,1,1,1.0,6.047928456647803,1
84,6,1,0.16666666666666666,-0.18253801905028064,0
85,1,1,1.0,2.207783134213652,1
86,1,1,1.0,19.285404876685533,1
87,4,1,0.25,3.431705442604625,0
88,6,6,1.0,4.413144227858124,1
89,1,1,1.0,-0.2934395304967512,1
90,1,1,1.0,9.758680919443863,1
91,16,1,0.0625,0.14775903025221826,0
92,1,1,1.0,18.615943547823655,1
93,10,1,0.1,0.9339202123943269,0
94,1,1,1.0,1.110878222594844,1
95,2,1,0.5,6.65625654998952,1
96,4,1,0.25,7.200342346118913,0
97,1,1,1.0,4.16404667085866,1
98,6,6,1.0,-0.2934395304967512,1
99,20,1,0.05,-0.12015650108293159,0
100,1,1,1.0,2.8687207433801443,1
101,4,2,0.5,4.16795919793195,1
102,4,4,1.0,3.0899531894082304,1
103,11,1,0.09090909090909091,0.2224042986985766,0
104,1,1,1.0,0.7676937050234053,1
105,1,1,1.0,4.042199399147628,1
106,14,1,0.07142857142857142,-0.12068948308730322,0
107,18,1,0.05555555555555555,-0.10685701421396243,0
108,2,2,1.0,1.0881715922587856,1
109,4,4,1.0,3.117445678753581,1
110,13,1,0.07692307692307693,-0.2484024743509128,0
111,10,1,0.1,1.299182561307902,0
112,6,2,0.3333333333333333,-0.21223130487435662,1
113,4,2,0.5,0.012960245930273173,1
114,12,1,0.08333333333333333,-0.14815202962341925,0
115,4,2,0.5,-0.2051631384056452,1
116,2,2,1.0,6.850415706001537,1
117,6,1,0.16666666666666666,4.843219450848879,0
118,7,1,0.14285714285714285,-0.1804154065734447,0
119,4,1,0.25,5.825019213302592,0
120,1,1,1.0,11.282191015161043,1
121,11,6,0.5454545454545454,-0.18335524602554576,1
122,5,1,0.2,-0.2748550268986236,0
123,6,3,0.5,-0.13074361303244136,1
124,2,1,0.5,0.3750436665968001,1
125,3,3,1.0,-0.294557395374834,1
126,1,1,1.0,3.3426954516872778,1
127,1,1,1.0,8.086774261161183,1
128,2,2,1.0,0.3199888213512191,1
129,2,2,1.0,4.108991825613079,1
130,1,1,1.0,2.6220918046531128,1
131,4,4,1.0,-0.2934395304967512,1
132,15,2,0.13333333333333333,-0.09736603088101724,0
133,1,1,1.0,7.678054915112137,1
134,1,1,1.0,-0.2934395304967512,1
135,3,3,1.0,-0.28747758448030925,1
136,1,1,1.0,-0.2967931251309997,1
137,3,1,0.3333333333333333,-0.2938121521227788,1
138,3,3,1.0,-0.2967465474277463,1
139,3,3,1.0,1.5492675656163397,1
140,4,4,1.0,-0.051596450779012065,1
141,1,1,1.0,4.540487668553064,1
142,4,4,1.0,-0.11859847690910363,1
143,1,1,1.0,2.293439530496751,1
144,1,1,1.0,0.8135261650248027,1
145,1,1,1.0,8.567036959407533,1
146,3,1,0.3333333333333333,-0.2158410768764992,1
147,4,4,1.0,0.47411444141689374,1
148,1,1,1.0,29.39802976315238,1
149,8,2,0.25,-0.25192133025920493,0
150,1,1,1.0,0.2515195975686439,1
151,5,2,0.4,-0.22128135261650242,1
152,1,1,1.0,0.9969957381401524,1
153,1,1,1.0,9.764549710053798,1
154,1,1,1.0,0.8230280164885071,1
155,5,1,0.2,3.11716621253406,0
156,1,1,1.0,9.798225389506044,1
157,1,1,1.0,6.4098372109271295,1
158,2,1,0.5,18.150981625096065,1
159,1,1,1.0,-0.2934395304967512,1
160,1,1,1.0,12.622231537762872,1
161,1,1,1.0,-0.3074128414727869,1
162,1,1,1.0,4.513379445259554,1
163,16,1,0.0625,1.0534391811639767,0
164,1,1,1.0,0.8702578075875079,1
165,2,2,1.0,9.831062670299728,1
166,4,2,0.5,-0.10521903164954935,1
167,1,1,1.0,-0.19143436037169,1
168,6,1,0.16666666666666666,-0.028645287500873317,0
169,1,1,1.0,-0.2966533920212394,1
170,1,1,1.0,7.977363236218822,1
171,2,1,0.5,2.4299587787326207,1
172,16,1,0.0625,-0.07609341158387478,0
173,1,1,1.0,4.228184168238664,1
174,1,1,1.0,1.7159225878571929,1
175,1,1,1.0,-0.2934395304967512,1
176,1,1,1.0,-0.1830503737860686,1
177,1,1,1.0,-0.2934395304967512,1
178,1,1,1.0,9.020470900579893,1
179,1,1,1.0,-0.3074128414727869,1
180,1,1,1.0,-0.2909243345210647,1
181,1,1,1.0,1.0175365052749248,1
182,1,1,1.0,13.613777684622372,1
183,1,1,1.0,-0.3074128414727869,1
184,1,1,1.0,-0.2851952770208901,1
185,1,1,1.0,-0.2851952770208901,1
186,1,1,1.0,-0.3074128414727869,1
187,1,1,1.0,-0.2967931251309997,1
188,1,1,1.0,-0.2967931251309997,1
189,1,1,1.0,1.4068329490672815,1
190,1,1,1.0,-0.3074128414727869,1
191,1,1,1.0,-0.2794662195207154,1
192,8,1,0.125,-0.06151750157199747,0
193,2,1,0.5,0.36330608537693004,1
194,1,1,1.0,3.0078949207014603,1
195,1,1,1.0,-0.3072731083630266,1
196,1,1,1.0,0.4992664011737581,1
197,1,1,1.0,-0.2934395304967512,1
198,10,2,0.2,-0.13378047928456646,0
199,6,1,0.16666666666666666,4.635948671371015,0
200,1,1,1.0,-0.3074128414727869,1
201,2,1,0.5,20.89415216935653,1
202,2,1,0.5,14.975127506462659,1
203,1,1,1.0,0.181653042688465,1
204,1,1,1.0,-0.2132327254943058,1
205,1,1,1.0,-0.2529169286662475,1
206,1,1,1.0,1.0175365052749248,1
207,2,1,0.5,2.274296094459582,1
208,1,1,1.0,-0.2379654859218892,1
209,1,1,1.0,-0.2966533920212394,1
210,1,1,1.0,3.8286872074338016,1
211,1,1,1.0,1.8724236707887936,1
212,1,1,1.0,-0.2418780129951792,1
213,7,1,0.14285714285714285,-0.2481859648072182,0
214,1,1,1.0,-0.2966533920212394,1
215,1,1,1.0,1.469153916020401,1
216,1,1,1.0,-0.3021029833018934,1
217,1,1,1.0,-0.1354013833577866,1
218,1,1,1.0,8.555858310626702,1
219,14,1,0.07142857142857142,0.04691040113383436,0
220,1,1,1.0,0.7809683504506393,1
221,8,1,0.125,0.3768601970236848,0
222,14,0,0.0,-0.1236338593286822,0
223,12,0,0.0,0.029565197140129024,0
224,5,0,0.0,0.8134143785369943,0
225,17,0,0.0,-0.21292860049070975,0
226,15,0,0.0,0.5217541163045251,0
227,6,0,0.0,0.13051072451617407,0
228,20,0,0.0,-0.0666107734227625,0
229,2,0,0.0,2.982952560609236,0
230,9,0,0.0,-0.08228727574776623,0
231,9,0,0.0,0.11020284589766878,0
232,9,0,0.0,-0.17142147387378992,0
233,9,0,0.0,1.4170179401787033,0
234,15,0,0.0,0.5458813665898135,0
235,19,0,0.0,-0.16601028876950286,0
236,6,0,0.0,-0.07894920701460212,0
237,7,0,0.0,5.777744507989739,0
238,12,0,0.0,0.8563892964437924,0
239,10,0,0.0,0.0004331726402571144,0
240,20,0,0.0,-0.039544470062181244,0
241,4,0,0.0,6.791273667295465,0
242,16,0,0.0,-0.060923635855515954,0
243,7,0,0.0,-0.16238983541435853,0
244,3,0,0.0,2.644355946808263,0
245,2,0,0.0,12.342835184797039,0
246,5,0,0.0,-0.2370153007755187,0
247,11,0,0.0,1.7514656097762364,0
248,11,0,0.0,-0.15119122476070704,0
249,16,0,0.0,0.3584328931740376,0
250,19,0,0.0,-0.09448899969479346,0
251,2,0,0.0,-0.29127366729546567,0
252,3,0,0.0,0.13689186986189714,0
253,6,0,0.0,0.014089755234169415,0
254,2,0,0.0,0.0023055963110459043,0
255,13,0,0.0,0.7501195792958526,0
256,10,0,0.0,0.5157269615035283,0
257,8,0,0.0,0.9034269545168728,0
258,5,0,0.0,3.7473625375532733,0
259,7,0,0.0,-0.10460021359203917,0
260,3,0,0.0,-0.06315936561168166,0
261,14,0,0.0,-0.162180235749718,0
262,20,0,0.0,-0.26014113044085796,0
263,2,0,0.0,0.22455110738489484,0
264,20,0,0.0,-0.2723118843009851,0
265,13,0,0.0,0.6935384185436586,0
266,20,0,0.0,-0.2444980088031859,0
267,20,0,0.0,-0.0908265213442325,0
268,1,0,0.0,0.5515265842241319,0
269,8,0,0.0,0.7706805002445329,0
270,9,0,0.0,0.05466669771846884,0
271,20,0,0.0,-0.22765318242157476,0
272,20,0,0.0,-0.25048557255641724,0
273,17,0,0.0,-0.0977638592640997,0
274,15,0,0.0,0.3830922937189967,0
275,13,0,0.0,-0.19690544905384558,0
276,2,0,0.0,2.5033186613568086,0
277,14,0,0.0,-0.12728688205527441,0
278,15,0,0.0,-0.1270919210973707,0
279,12,0,0.0,-0.19287826917254705,0
280,1,0,0.0,1.2306294976594705,0
281,17,0,0.0,-0.20439666120063618,0
282,9,0,0.0,-0.1033093458161578,0
283,11,0,0.0,0.10533335873935327,0
284,8,0,0.0,-0.2497729336966394,0
285,5,0,0.0,2.099462027527423,0
286,4,0,0.0,0.6087123593935583,0
287,7,0,0.0,-0.18688305336806696,0
288,8,0,0.0,0.06689722629777127,0
289,14,0,0.0,0.006836941441846085,0
290,5,0,0.0,-0.12017047439390763,0
291,6,0,0.0,-0.2485619134120496,0
292,20,0,0.0,-0.27440089429190245,0
293,2,0,0.0,9.145881366589812,0
294,14,0,0.0,0.003173937778842426,0
295,8,0,0.0,-0.06761335848529308,0
296,1,0,0.0,9.865157549081257,0
297,8,0,0.0,0.005921190526095154,0
298,10,0,0.0,0.5743589743589743,0
299,1,0,0.0,3.682666107734228,0
300,10,0,0.0,-0.22917627331796267,0
301,1,0,0.0,4.5832460001397335,0
302,20,0,0.0,-0.2016837839726123,0
303,3,0,0.0,2.2574349658818327,0
304,13,0,0.0,1.0717099570589406,0
305,15,0,0.0,-0.05854817298958987,0
306,20,0,0.0,-0.1295884859917557,0
307,10,0,0.0,1.1215957521134634,0
308,20,0,0.0,0.470313700831412,0
309,12,0,0.0,-0.014124688511609482,0
310,4,0,0.0,4.8507999720533785,0
311,6,0,0.0,0.13966324320547754,0
312,11,0,0.0,0.009933753802963637,0
313,8,0,0.0,0.044312862432753446,0
314,4,0,0.0,-0.0732550827918675,0
315,3,0,0.0,1.5363655418151332,0
316,8,0,0.0,0.7150667225599106,0
317,20,0,0.0,-0.2333682666107734,0
318,6,0,0.0,0.9324390414308672,0
319,5,0,0.0,1.81787186473835,0
320,20,0,0.0,-0.1663313072032418,0
321,3,0,0.0,0.38897039986958243,0
322,8,0,0.0,0.12930552644449103,0
323,7,0,0.0,-0.06938746993242906,0
324,10,0,0.0,-0.22604625165933068,0
325,19,0,0.0,-0.24843076040552017,0
326,20,0,0.0,-0.24246489205617267,0
327,20,0,0.0,-0.23485642422972122,0
328,1,0,0.0,1.6485712289527004,0
329,3,0,0.0,1.7721418756841103,0
330,9,0,0.0,-0.190021503373002,0
331,12,0,0.0,1.81119727986213,0
332,9,0,0.0,2.9908474813106967,0
333,14,0,0.0,-0.018225189887315234,0
334,5,0,0.0,1.2091105987563755,0
335,7,0,0.0,2.146879460230959,0
336,11,0,0.0,0.061355538194775246,0
337,6,0,0.0,-0.286988518596148,0
338,5,0,0.0,0.41277160623209674,0
339,4,0,0.0,-0.25078599874240204,0
340,18,0,0.0,0.545595690009859,0
341,20,0,0.0,-0.2338223992174946,0
342,20,0,0.0,-0.22010060783902743,0
343,14,0,0.0,-0.12166761485562573,0
344,19,0,0.0,-0.013892412859858734,0
345,11,0,0.0,-0.08949270529651998,0
346,1,0,0.0,5.88276392091106,0
347,3,0,0.0,1.0850275972891776,0
348,12,0,0.0,0.05635902093667763,0
349,10,0,0.0,-0.1112555019911968,0
350,12,0,0.0,-0.19336733505670833,0
351,7,0,0.0,2.5917896817079376,0
352,1,0,0.0,0.4892056172710123,0
353,20,0,0.0,-0.15631244323342414,0
354,1,0,0.0,5.84363865017816,0
355,2,0,0.0,1.2705233004960526,0
356,1,0,0.0,-0.2858939425696919,0
357,2,0,0.0,6.9911968140850975,0
358,14,0,0.0,-0.1608926949526404,0
359,10,0,0.0,0.16065115629148327,0
360,7,0,0.0,-0.13296603487339181,0
361,6,0,0.0,1.5849227974568576,0
362,5,0,0.0,6.859610144623768,0
363,20,0,0.0,-0.26745615873681267,0
364,15,0,0.0,0.5592025897203009,0
365,1,0,0.0,-0.2967931251309997,0
366,7,0,0.0,0.17105328821950078,0
367,17,0,0.0,0.41334697786052166,0
368,20,0,0.0,-0.17009012785579541,0
369,1,0,0.0,0.8663452805142179,0
370,6,0,0.0,1.5526444491022149,0
371,2,0,0.0,0.1533570879619926,0
372,2,0,0.0,1.7885838049325788,0
373,12,0,0.0,0.6161531474882974,0
374,20,0,0.0,-0.21799762453713406,0
375,13,0,0.0,1.9561882957397525,0
376,1,0,0.0,-0.2913435338503459,0
377,8,0,0.0,0.12275553692447429,0
378,5,0,0.0,2.439320897086565,0
379,8,0,0.0,-0.059508838119192345,0
380,1,0,0.0,1.1772514497310138,0
381,9,0,0.0,-0.056514279947522436,0
382,15,0,0.0,-0.20168145508744964,0
383,1,0,0.0,13.415915601201704,0
384,4,0,0.0,-0.29326486410955077,0
385,5,0,0.0,-0.06391392440438762,0
386,8,0,0.0,-0.10153357087961992,0
387,16,0,0.0,-0.08796199259414517,0
388,3,0,0.0,6.209133887608002,0
389,12,0,0.0,-0.02919257551410138,0
390,8,0,0.0,1.7836756794522464,0
391,8,0,0.0,0.890204709005799,0
392,10,0,0.0,-0.18026968490183745,0
393,7,0,0.0,-0.11010969049116189,0
394,12,0,0.0,-0.03962598104287478,0
395,11,0,0.0,-0.14712626156767844,0
396,15,0,0.0,-0.1983464915345024,0
397,20,0,0.0,-0.20891497240271079,0
398,5,0,0.0,-0.24595821980018165,0
399,1,0,0.0,0.6937748899601761,0
400,3,0,0.0,6.206339225412795,0
401,6,0,0.0,-0.21789049581965111,0
402,16,0,0.0,-0.09027632222455109,0
403,15,0,0.0,0.12498660891031463,0
404,20,0,0.0,-0.22619297142457903,0
405,15,0,0.0,-0.08851626726286124,0
406,15,0,0.0,0.07633154009175808,0
407,4,0,0.0,-0.2059316705093272,0
408,12,0,0.0,0.4417429376557442,0
409,2,0,0.0,14.62118353943967,0
410,5,0,0.0,-0.13065045762593444,0
411,3,0,0.0,3.6749807866974087,0
412,5,0,0.0,2.982267868371411,0
413,4,0,0.0,0.23852441836093058,0
414,10,0,0.0,-0.15585831062670297,0
415,1,0,0.0,0.1117864878082861,0
416,4,0,0.0,5.031649549360721,0
417,12,0,0.0,-0.12758797363701993,0
418,1,0,0.0,17.052330049605253,0
419,2,0,0.0,-0.29183259973450704,0
420,11,0,0.0,0.9839116378625916,0
421,1,0,0.0,1.2872214071124153,0
422,10,0,0.0,0.5359183958639,0
423,2,0,0.0,1.6589813456298472,0
424,4,0,0.0,0.09470411514008242,0
425,1,0,0.0,20.162649339761057,0
426,15,0,0.0,3.578350683527795,0
427,18,0,0.0,-0.1652576911432497,0
428,4,0,0.0,5.521728498567736,0
429,12,0,0.0,-0.22002142574349656,0
430,8,0,0.0,-0.2235729756165723,0
431,10,0,0.0,1.2786138475511772,0
432,6,0,0.0,0.11877314329630406,0
433,7,0,0.0,-0.028884829974748217,0
434,4,0,0.0,-0.23579962272060356,0
435,3,0,0.0,-0.23461189128764057,0
436,7,0,0.0,-0.19708357038057311,0
437,10,0,0.0,-0.08154824285614473,0
438,4,0,0.0,0.022671697058618046,0
439,7,0,0.0,-0.07144354283318859,0
440,20,0,0.0,-0.10451337944525954,0
441,3,0,0.0,2.9227974568574027,0
442,15,0,0.0,-0.14203404830107827,0
443,4,0,0.0,0.6227555369244743,0
444,12,0,0.0,0.10584783064347096,0
445,2,0,0.0,-0.0853070635086984,0
446,2,0,0.0,17.588975057639907,0
447,2,0,0.0,1.3334031998882134,0
448,11,0,0.0,0.6073944221083186,0
449,11,0,0.0,0.026587399884402618,0
450,7,0,0.0,0.10703556207643398,0
451,2,0,0.0,0.112485153357088,0
452,17,0,0.0,0.015658327887851858,0
453,1,0,0.0,5.281911548941522,0
454,4,0,0.0,11.101166771466499,0
455,17,0,0.0,0.5653272837116401,0
456,13,0,0.0,-0.04409117047976825,0
457,8,0,0.0,0.009816250960665091,0
458,8,0,0.0,0.47186124502200794,0
459,2,0,0.0,1.6262837979459233,0
460,5,0,0.0,0.06117515545308459,0
461,10,0,0.0,1.6824006148256831,0
462,2,0,0.0,0.9877034863410885,0
463,8,0,0.0,0.831586669461329,0
464,16,0,0.0,-0.08666072800950185,0
465,8,0,0.0,-0.11159435478236568,0
466,11,0,0.0,0.12391786233748087,0
467,7,0,0.0,1.0593566288389176,0
468,20,0,0.0,-0.1780968350450639,0
469,2,0,0.0,1.658142946971285,0
470,2,0,0.0,-0.27282889680709843,0
471,2,0,0.0,4.633549919653462,0
472,1,0,0.0,0.3912527073290016,0
473,6,0,0.0,0.4265120286918651,0
474,12,0,0.0,-0.0977433102773702,0
475,4,0,0.0,1.8072032418081463,0
476,6,0,0.0,-0.06975011062204522,0
477,1,0,0.0,10.864249283867812,0
478,6,0,0.0,0.14974731595985,0
479,1,0,0.0,-0.1467197652483756,0
480,13,0,0.0,-0.16429389097592828,0
481,5,0,0.0,5.4688744498008806,0
482,11,0,0.0,-0.21475708669169158,0
483,6,0,0.0,0.060783902745755625,0
484,8,0,0.0,1.1670683993572277,0
485,15,0,0.0,-0.001490486504110474,0
486,5,0,0.0,2.3014602109969955,0
487,8,0,0.0,0.10591769719835117,0
488,4,0,0.0,0.5623908335079997,0
489,10,0,0.0,-0.04365262348913575,0
490,8,0,0.0,-0.12941032627681126,0
491,20,0,0.0,-0.24128414727869765,0
492,5,0,0.0,0.06651296024593027,0
493,1,0,0.0,0.2754139593376651,0
494,8,0,0.0,-0.1986830154405086,0
495,17,0,0.0,0.4047328426235302,0
496,1,0,0.0,2.524977293369664,0
497,8,0,0.0,0.7222979109900091,0
498,1,0,0.0,1.1129742192412493,0
499,6,0,0.0,1.192296047881879,0
500,4,0,0.0,3.135925382519388,0
501,4,0,0.0,3.788688604764899,0
502,12,0,0.0,0.8836023195696221,0
503,2,0,0.0,3.901627890728708,0
504,12,0,0.0,0.02530333729243811,0
505,3,0,0.0,-0.14019888679289225,0
506,1,0,0.0,1.4739048417522531,0
507,3,0,0.0,-0.01411304408579613,0
508,2,0,0.0,7.017396772165165,0
509,3,0,0.0,3.5256992477700924,0
510,19,0,0.0,-0.14791117386843758,0
511,19,0,0.0,1.002136445704494,0
512,13,0,0.0,0.13939990003708297,0
513,10,0,0.0,0.0910920142527772,0
514,1,0,0.0,2.08202333542933,0
515,6,0,0.0,-0.2912736672954656,0
516,2,0,0.0,0.1449731013763711,0
517,11,0,0.0,2.663897410491416,0
518,1,0,0.0,0.5428631314189898,0
519,20,0,0.0,-0.16830853070635085,0
520,6,0,0.0,0.5556487109620625,0
521,7,0,0.0,1.674342006767075,0
522,16,0,0.0,-0.19422028924753718,0
523,1,0,0.0,-0.1119262209180465,0
524,5,0,0.0,2.8388458045133795,0
525,2,0,0.0,-0.07028575420945996,0
526,15,0,0.0,1.853000768532104,0
527,7,0,0.0,-0.25092074138395665,0
528,6,0,0.0,-0.09336500617154565,0
529,9,0,0.0,-0.10369749334326989,0
530,3,0,0.0,2.347749132490277,0
531,12,0,0.0,-0.11299750809287591,0
532,6,0,0.0,0.07897249586622888,0
533,1,0,0.0,3.9062390833508,0
534,2,0,0.0,2.151889890309509,0
535,1,0,0.0,0.0837001327464542,0
536,1,0,0.0,9.12457206735136,0
537,5,0,0.0,-0.23902745755606788,0
538,3,0,0.0,0.33997065604695026,0
539,16,0,0.0,-0.13912177740515613,0
540,2,0,0.0,0.6694613288618738,0
541,2,0,0.0,4.455949137148047,0
542,5,0,0.0,-0.049605253964927,0
543,6,0,0.0,0.6258180209133888,0
544,9,0,0.0,-0.12159885729368017,0
545,1,0,0.0,0.6427723048976455,0
546,2,0,0.0,6.078390274575561,0
547,11,0,0.0,-0.19079920987277935,0
548,2,0,0.0,8.139453643540836,0
549,18,0,0.0,-0.23871849212448668,0
550,1,0,0.0,0.4178019981834696,0
551,9,0,0.0,1.8997182048953165,0
552,1,0,0.0,1.3693844756515057,0
553,1,0,0.0,5.9104310766436114,0
554,1,0,0.0,-0.2967931251309997,0
555,1,0,0.0,5.276741423880389,0
556,11,0,0.0,0.9978722458286491,0
557,6,0,0.0,0.026456135447961066,0
558,19,0,0.0,0.5498571412812056,0
559,9,0,0.0,-0.1942290225668972,0
560,15,0,0.0,0.3295838282214304,0
561,2,0,0.0,-0.22524977293369658,0
562,1,0,0.0,6.679242646545099,0
563,1,0,0.0,19.028295954726477,0
564,9,0,0.0,-0.05510142294883438,0
565,8,0,0.0,2.8498393069237755,0
566,2,0,0.0,6.556417243065745,0
567,8,0,0.0,-0.02153636554181511,0
568,4,0,0.0,2.3395863899951097,0
569,5,0,0.0,3.7185216236987353,0
570,6,0,0.0,0.13619320431309526,0
571,8,0,0.0,-0.09910570809753369,0
572,12,0,0.0,-0.12261580381471388,0
573,8,0,0.0,-0.19358275693425556,0
574,7,0,0.0,1.1695062430757255,0
575,1,0,0.0,11.91336547194858,0
576,1,0,0.0,3.8447565150562415,0
577,4,0,0.0,-0.0630196325019213,0
578,1,0,0.0,2.395863899951093,0
579,6,0,0.0,0.6580497915647779,0
580,3,0,0.0,4.018118726565594,0
581,2,0,0.0,-0.0749668133864319,0
582,8,0,0.0,0.022077831342136534,0
583,2,0,0.0,13.004681059176974,0
584,19,0,0.0,0.32420287776662365,0
585,4,0,0.0,-0.24156361349821837,0
586,2,0,0.0,-0.2724795640326976,0
587,8,0,0.0,-0.1281701949276881,0
588,3,0,0.0,13.606325252101819,0
589,1,0,0.0,1.8808076573744148,0
590,3,0,0.0,1.63534316122872,0
591,6,0,0.0,2.2371736649665808,0
592,1,0,0.0,1.796548592188919,0
593,5,0,0.0,3.9871166072800954,0
594,1,0,0.0,0.9641584573464684,0
595,6,0,0.0,2.2547334590931323,0
596,13,0,0.0,0.5602115344307756,0
597,3,0,0.0,0.6723025687603345,0
598,1,0,0.0,12.607699294347796,0
599,11,0,0.0,0.9756419783667741,0
600,8,0,0.0,-0.07327254943058759,0
601,1,0,0.0,6.0219380982323765,0
602,5,0,0.0,0.6356738629218194,0
603,3,0,0.0,-0.11052888982044295,0
604,1,0,0.0,1.3169845594913716,0
605,20,0,0.0,-0.1301334451198211,0
606,8,0,0.0,1.9818346957311537,0
607,1,0,0.0,0.7417033466079788,0
608,9,0,0.0,-0.06789476544244935,0
609,13,0,0.0,-0.04926129554090149,0
610,7,0,0.0,0.8811969138944615,0
611,2,0,0.0,4.05079298539789,0
612,1,0,0.0,4.919863061552435,0
613,3,0,0.0,0.968443606045786,0
614,4,0,0.0,-0.05683644239502547,0
615,3,0,0.0,-0.06795686904678727,0
616,5,0,0.0,-0.18794103262768108,0
617,7,0,0.0,2.3044385224221737,0
618,1,0,0.0,23.228533501013064,0
619,1,0,0.0,0.6682037308740305,0
620,3,0,0.0,1.2948601504459816,0
621,2,0,0.0,11.57395374834067,0
622,7,0,0.0,1.925162938786917,0
623,14,0,0.0,-0.12991186833148685,0
624,20,0,0.0,-0.21363795151261092,0
625,6,0,0.0,0.2861268310859592,0
626,1,0,0.0,8.4762104380633,0
627,11,0,0.0,0.09856265442096503,0
628,4,0,0.0,0.09606651296024594,0
629,3,0,0.0,-0.11290435268636904,0
630,7,0,0.0,1.1710233454102663,0
631,3,0,0.0,3.977689280141597,0
632,6,0,0.0,1.5958918465730454,0
633,8,0,0.0,-0.041710333263466765,0
634,3,0,0.0,-0.2946505507813409,0
635,5,0,0.0,-0.08512541046600991,0
636,13,0,0.0,-0.23569751006347106,0
637,1,0,0.0,1.7885838049325788,0
638,8,0,0.0,-0.023737162020540773,0
639,1,0,0.0,16.320827220009782,0
640,6,0,0.0,0.782854747432404,0
641,2,0,0.0,3.2306294976594705,0
642,6,0,0.0,-0.12000745243252055,0
643,2,0,0.0,2.495633340319989,0
644,12,0,0.0,-0.06078390274575559,0
645,6,0,0.0,0.0041687044411840195,0
646,2,0,0.0,0.9400544959128067,0
647,1,0,0.0,5.56249563334032,0
648,3,0,0.0,-0.22394559724259996,0
649,11,0,0.0,-0.10280545975368863,0
650,1,0,0.0,7.222105777964089,0
651,7,0,0.0,1.3046281602139913,0
652,9,0,0.0,-0.19297142457905397,0
653,3,0,0.0,0.950045413260672,0
654,1,0,0.0,5.611681687975967,0
655,1,0,0.0,-0.2797456857402361,0
656,1,0,0.0,2.3153776287291272,0
657,2,0,0.0,0.943338223992175,0
658,1,0,0.0,1.0452036610074755,0
659,1,0,0.0,0.8300146719765249,0
660,9,0,0.0,-0.07231964725152734,0
661,6,0,0.0,0.9425696918884929,0
662,3,0,0.0,1.3409720766668995,0
663,4,0,0.0,0.035457276601690776,0
664,6,0,0.0,0.040476024127250286,0
665,5,0,0.0,-0.009194438622231543,0
666,5,0,0.0,0.03853839167190666,0
667,1,0,0.0,12.37476420037728,0
668,7,0,0.0,0.746673852940883,0
669,3,0,0.0,-0.26358322271128803,0
670,1,0,0.0,1.1001187731432964,0
671,1,0,0.0,15.89701669810662,0
672,4,0,0.0,4.451896876964997,0
673,1,0,0.0,0.7935443303290716,0
674,1,0,0.0,0.0544959128065394,0
675,9,0,0.0,0.8585357522687223,0
676,1,0,0.0,16.46056032977014,0
677,6,0,0.0,0.7695568131535434,0
678,6,0,0.0,0.3478422878967839,0
679,3,0,0.0,9.315726961503529,0
680,1,0,0.0,1.7187172500524,0
681,2,0,0.0,1.0897785230210295,0
682,8,0,0.0,0.003633060853769309,0
683,2,0,0.0,3.037797806190177,0
684,7,0,0.0,0.21716521444041884,0
685,6,0,0.0,3.071636507603811,0
686,5,0,0.0,-0.07794312862432752,0
687,2,0,0.0,-0.1682386641514706,0
688,14,0,0.0,0.6744717589404238,0
689,3,0,0.0,1.103891567106826,0
690,1,0,0.0,1.5066023894361769,0
691,1,0,0.0,2.6798015789841405,0
692,1,0,0.0,-0.1676797317124292,0
693,4,0,0.0,2.5857611961154197,0
694,3,0,0.0,20.795919793194997,0
695,1,0,0.0,-0.1676797317124292,0
696,9,0,0.0,-0.24880256487885916,0
697,2,0,0.0,-0.1618109411024942,0
698,1,0,0.0,11.234821490952282,0
699,3,0,0.0,2.108898670206572,0
700,5,0,0.0,0.9456857402361492,0
701,5,0,0.0,-0.12346817578425204,0
702,7,0,0.0,1.9081554231417992,0
703,2,0,0.0,5.520016767973171,0
704,3,0,0.0,-0.2347516243974009,0
705,2,0,0.0,3.89457136868581,0
706,1,0,0.0,1.6520645566967092,0
707,6,0,0.0,-0.005775635203428146,0
708,6,0,0.0,1.2973287687184145,0
709,1,0,0.0,1.6270523300496054,0
710,2,0,0.0,-0.239083350799972,0
711,2,0,0.0,3.803395514567177,0
712,12,0,0.0,-0.07094948648082162,0
713,1,0,0.0,8.202333542932998,0
714,1,0,0.0,30.20247327604276,0
715,5,0,0.0,0.7165793334730665,0
716,1,0,0.0,-0.0736393488437085,0
717,1,0,0.0,13.384475651505625,0
718,2,0,0.0,0.5933067840424788,0
719,4,0,0.0,-0.27377209529798086,0
720,4,0,0.0,0.036225808705372724,0
721,3,0,0.0,-0.09827895386478493,0
722,4,0,0.0,-0.22151191224760705,0
723,1,0,0.0,0.9215398588695592,0
724,1,0,0.0,-0.0978131768322504,0
725,3,0,0.0,-0.07499010223805863,0
726,2,0,0.0,3.870607140361909,0
727,8,0,0.0,-0.1611821421085726,0
728,1,0,0.0,1.327324809613638,0
729,3,0,0.0,1.8685111437155033,0
730,2,0,0.0,1.0220079647872564,0
731,4,0,0.0,0.21515405575351074,0
732,10,0,0.0,1.0568574023614896,0
733,2,0,0.0,4.229651365891148,0
734,1,0,0.0,5.780758750785998,0
735,1,0,0.0,1.924823586948928,0
736,5,0,0.0,1.0040103402501224,0
737,1,0,0.0,-0.0135541116467546,0
738,1,0,0.0,0.8959686997834138,0
739,9,0,0.0,-0.21157145407826602,0
740,1,0,0.0,1.573814015230909,0
741,2,0,0.0,1.0143925103053169,0
742,1,0,0.0,0.7313630964857124,0
743,10,0,0.0,1.0215887654579754,0
744,5,0,0.0,-0.19789003004261857,0
745,1,0,0.0,-0.1817927757982254,0
746,3,0,0.0,2.73821001886397,0
747,1,0,0.0,0.7215817788024873,0
748,4,0,0.0,-0.12939285963809122,0
749,1,0,0.0,-0.2428561447635017,0
750,1,0,0.0,0.6978271501432264,0
751,1,0,0.0,-0.1748061203102075,0
752,1,0,0.0,10.004890658841612,0
753,6,0,0.0,0.42232003539905455,0
754,6,0,0.0,0.6573511260159762,0
755,1,0,0.0,0.0698665548801788,0
756,5,0,0.0,0.16795919793195,0
757,2,0,0.0,4.484175225319639,0
758,3,0,0.0,0.49581965113300264,0
759,1,0,0.0,1.522951163278139,0
760,3,0,0.0,1.7824821258063768,0
761,1,0,0.0,0.0297631523789561,0
762,1,0,0.0,0.2907846014113044,0
763,3,0,0.0,9.209064021053123,0
764,1,0,0.0,0.2508209320198421,0
765,1,0,0.0,3.939076364144484,0
766,4,0,0.0,4.7669251729197235,0
767,1,0,0.0,3.1845175714385525,0
768,2,0,0.0,7.62502619995808,0
769,8,0,0.0,3.103961433661706,0
770,7,0,0.0,1.1154694533441127,0
771,1,0,0.0,1.150003493327744,0
772,2,0,0.0,3.3256480122965137,0
773,2,0,0.0,-0.1405715084189198,0
774,3,0,0.0,0.3668459908241924,0
775,1,0,0.0,12.252637462446728,0
776,1,0,0.0,1.109760357716761,0
777,1,0,0.0,0.6860895689233564,0
778,1,0,0.0,19.828966673653323,0
779,7,0,0.0,-0.04369653960934614,0
780,2,0,0.0,1.544050862851953,0
781,2,0,0.0,0.2460001397331098,0
782,1,0,0.0,-0.2893872703137009,0
783,2,0,0.0,1.266471040313002,0
784,8,0,0.0,-0.2752916928666247,0
785,1,0,0.0,0.5534828477607769,0
786,1,0,0.0,2.138196045552994,0
787,1,0,0.0,4.5832460001397335,0
788,10,0,0.0,-0.20396842031719414,0
789,1,0,0.0,38.47090057989241,0
790,2,0,0.0,3.1525186893034305,0
791,5,0,0.0,0.45008034653811213,0
792,1,0,0.0,0.0906867882344721,0
793,4,0,0.0,0.2280095018514637,0
794,1,0,0.0,16.642213372458606,0
795,1,0,0.0,11.763292112065956,0
796,1,0,0.0,25.216236987354154,0
797,1,0,0.0,1.1178648780828615,0
798,3,0,0.0,1.7222105777964087,0
799,1,0,0.0,1.8724236707887936,0
800,2,0,0.0,5.3372458604066235,0
801,1,0,0.0,-0.2893872703137009,0
802,2,0,0.0,2.3204080206805004,0
803,3,0,0.0,-0.1566873937446144,0
804,9,0,0.0,-0.017047439390763627,0
805,2,0,0.0,-0.2951163278138754,0
806,1,0,0.0,-0.1404317753091595,0
807,2,0,0.0,-0.002585062530566602,0
808,1,0,0.0,10.727310836302664,0
809,1,0,0.0,4.672255991057082,0
810,3,0,0.0,2.62232469316938,0
811,1,0,0.0,32.52022636763781,0
812,7,0,0.0,3.656336397480812,0
813,2,0,0.0,1.4620275274226229,0
814,1,0,0.0,-0.2797456857402361,0
815,2,0,0.0,-0.18961782994480542,0
816,1,0,0.0,-0.2797456857402361,0
817,1,0,0.0,11.629288059805772,0
818,1,0,0.0,55.5858310626703,0
819,4,0,0.0,-0.09994410675609582,0
820,3,0,0.0,7.927757982253895,0
821,1,0,0.0,0.7405854817298959,0
822,3,0,0.0,0.5468222361955332,0
823,1,0,0.0,18.22580870537274,0
824,6,0,0.0,0.1926453806562798,0
825,1,0,0.0,2.794662195207154,0
826,2,0,0.0,3.8869559142038703,0
827,2,0,0.0,0.9259414518270105,0
828,2,0,0.0,3.331656536016209,0
829,4,0,0.0,0.2700691678893314,0
830,1,0,0.0,22.68511143715504,0
831,1,0,0.0,3.3955145671766926,0
832,3,0,0.0,2.610820000465777,0
833,1,0,0.0,0.7398868161810942,0
834,1,0,0.0,1.3805631244323342,0
835,4,0,0.0,0.15073709215398587,0
836,1,0,0.0,2.881017257039056,0
837,1,0,0.0,1.2673793055264446,0
838,2,0,0.0,2.552364982882694,0
839,1,0,0.0,3.185914902536156,0
840,4,0,0.0,9.57440788094739,0
841,2,0,0.0,1.7162719206315935,0
842,1,0,0.0,0.6902815622161672,0
843,1,0,0.0,1.2086913994270942,0
844,1,0,0.0,0.3911129742192413,0
845,1,0,0.0,1.458534199678614,0
846,4,0,0.0,4.6033675679452255,0
847,1,0,0.0,2.652134423251589,0
848,1,0,0.0,2.731223363375952,0
849,3,0,0.0,-0.29567526025291685,0
850,1,0,0.0,1.7881646056032978,0
851,1,0,0.0,0.8456647802696848,0
852,1,0,0.0,1.0389156710682597,0
853,2,0,0.0,1.8272898763361978,0
854,1,0,0.0,0.5481729895898833,0
855,3,0,0.0,-0.27550711474417194,0
856,2,0,0.0,2.113672884790051,0
857,1,0,0.0,0.5516663173338923,0
858,1,0,0.0,-0.2754139593376651,0
859,1,0,0.0,1.4104660099210509,0
860,3,0,0.0,-0.20028412398984605,0
861,1,0,0.0,7.793893663103472,0
862,1,0,0.0,1.8101027038356736,0
863,1,0,0.0,0.3212464193390624,0
864,1,0,0.0,-0.2016348773841962,0
865,1,0,0.0,0.0104799832320268,0
866,1,0,0.0,8.98428002515196,0
867,1,0,0.0,16.678543980996295,0
868,1,0,0.0,2.8270802766715573,0
869,1,0,0.0,19.04562286033676,0
870,1,0,0.0,2.989170683993572,0
871,1,0,0.0,0.950045413260672,0
872,1,0,0.0,3.742751344931182,0
873,1,0,0.0,0.3912527073290016,0
874,2,0,0.0,1.1121358205826872,0
875,1,0,0.0,-0.2797456857402361,0
876,2,0,0.0,0.0813246698805282,0
877,1,0,0.0,2.870677006916789,0
878,3,0,0.0,-0.1664687114278395,0
879,1,0,0.0,4.929784112345421,0
880,1,0,0.0,-0.2797456857402361,0
881,3,0,0.0,-0.08598244020587344,0
882,1,0,0.0,-0.2095996646405366,0
883,1,0,0.0,-0.2797456857402361,0
884,1,0,0.0,8.635506183190108,0
885,1,0,0.0,-0.2949765947041151,0
886,1,0,0.0,10.87123593935583,0
887,2,0,0.0,2.9186054635645915,0
888,1,0,0.0,0.632012855446098,0
889,2,0,0.0,1.4541326067211626,0
890,1,0,0.0,-0.2797456857402361,0
891,1,0,0.0,-0.1817927757982254,0
892,2,0,0.0,5.173967721651646,0
893,2,0,0.0,-0.1870327674142388,0
894,2,0,0.0,4.218682316774959,0
895,1,0,0.0,2.7094249982533363,0
896,1,0,0.0,-0.1903164954936072,0
897,2,0,0.0,0.3237616153147488,0
898,1,0,0.0,-0.2934395304967512,0
899,1,0,0.0,-0.2935792636065116,0
900,1,0,0.0,-0.2237127087263326,0
901,2,0,0.0,2.731922028924754,0
902,1,0,0.0,3.311674701320478,0
903,1,0,0.0,1.310976035771676,0
904,1,0,0.0,15.635995249074268,0
905,9,0,0.0,0.8350916416311512,0
906,1,0,0.0,4.759309718437784,0
907,4,0,0.0,2.2298260322783485,0
908,1,0,0.0,26.30825124013135,0
909,2,0,0.0,8.938168098931042,0
910,2,0,0.0,7.282889680709845,0
911,2,0,0.0,-0.2702438342765318,0
912,2,0,0.0,-0.22860336756794525,0
913,2,0,0.0,1.6978271501432265,0
914,1,0,0.0,5.414797736323622,0
915,2,0,0.0,5.396492698945016,0
916,1,0,0.0,1.5610983022427165,0
917,3,0,0.0,-0.20475558350217749,0
918,1,0,0.0,22.587857192761824,0
919,2,0,0.0,-0.1240131349123175,0
920,1,0,0.0,3.654719485782156,0
921,1,0,0.0,0.802347516243974,0
922,1,0,0.0,11.973869908474812,0
923,2,0,0.0,3.4781667015999442,0
924,1,0,0.0,2.1658632012855445,0
925,2,0,0.0,-0.2375462865926081,0
926,1,0,0.0,-0.2125340599455041,0
927,1,0,0.0,0.1131838189058897,0
928,1,0,0.0,-0.2934395304967512,0
929,1,0,0.0,-0.2811430168378397,0
930,1,0,0.0,6.679242646545099,0
931,1,0,0.0,2.9833018933836373,0
932,1,0,0.0,1.4951442744358276,0
933,1,0,0.0,1.4862013554111648,0
934,1,0,0.0,14.808914972402713,0
935,1,0,0.0,19.03695940753161,0
936,1,0,0.0,1.0897785230210295,0
937,1,0,0.0,-0.2572486550688185,0
938,2,0,0.0,-0.10123663802137911,0
939,1,0,0.0,-0.2376860197023684,0
940,1,0,0.0,8.263257178788514,0
941,1,0,0.0,18.46461258995319,0
942,1,0,0.0,13.18759169985328,0
943,1,0,0.0,-0.2797456857402361,0
944,1,0,0.0,2.533361279955286,0
945,3,0,0.0,-0.28975989193972845,0
946,1,0,0.0,-0.2949765947041151,0
947,1,0,0.0,-0.2949765947041151,0
948,1,0,0.0,1.4458184866904211,0
949,3,0,0.0,0.07098441975826174,0
950,1,0,0.0,10.822329350939706,0
951,1,0,0.0,-0.2797456857402361,0
952,2,0,0.0,10.884720184447707,0
953,1,0,0.0,-0.2322364284217145,0
954,1,0,0.0,-0.1627890728708167,0
955,1,0,0.0,-0.2935792636065116,0
956,1,0,0.0,26.625585132397124,0
957,1,0,0.0,-0.2572486550688185,0
958,1,0,0.0,-0.2797456857402361,0
959,1,0,0.0,-0.2893872703137009,0
960,1,0,0.0,-0.1676797317124292,0
961,1,0,0.0,-0.2949765947041151,0
962,1,0,0.0,-0.2382449521414099,0
963,1,0,0.0,-0.2949765947041151,0
964,2,0,0.0,2.5780758750786,0
965,1,0,0.0,-0.2949765947041151,0
966,1,0,0.0,8.074896946831553,0
967,1,0,0.0,8.884091385453782,0
968,1,0,0.0,-0.2698246349472507,0
969,1,0,0.0,-0.0286452875008733,0
970,2,0,0.0,0.2177740515615175,0
971,1,0,0.0,-0.1354013833577866,0
972,1,0,0.0,1.1775309159505345,0
973,2,0,0.0,2.9510934115838747,0
974,2,0,0.0,4.7238873751135335,0
975,1,0,0.0,-0.1963250192133026,0
976,2,0,0.0,-0.1200307412841473,0
977,1,0,0.0,-0.2797456857402361,0
978,1,0,0.0,2.938168098931042,0
979,1,0,0.0,-0.3074128414727869,0
980,2,0,0.0,0.07643401103891564,0
981,1,0,0.0,0.3627471529378887,0
982,1,0,0.0,0.0697268217704184,0
983,1,0,0.0,8.952001676797318,0
984,1,0,0.0,-0.2949765947041151,0
985,1,0,0.0,-0.26172011458115,0
986,1,0,0.0,1.2295116327813875,0
987,1,0,0.0,-0.2701041011667714,0
988,1,0,0.0,-0.2935792636065116,0
989,1,0,0.0,5.801439251030532,0
990,1,0,0.0,2.55460071263886,0
991,1,0,0.0,-0.2824006148256829,0
992,1,0,0.0,1.6013414378536994,0
993,1,0,0.0,-0.2755536924474254,0
994,1,0,0.0,-0.2934395304967512,0
995,1,0,0.0,-0.2824006148256829,0
996,1,0,0.0,-0.2357297561657235,0
997,1,0,0.0,0.9472507510654652,0
998,1,0,0.0,-0.2446726751903863,0
999,1,0,0.0,-0.2949765947041151,0
1000,4,0,0.0,1.9365611681687978,0
1001,1,0,0.0,5.733948159016279,0
1002,1,0,0.0,-0.2877104729965765,0
1003,2,0,0.0,4.266471040313002,0
1004,1,0,0.0,-0.2949765947041151,0
1005,1,0,0.0,1.3844756515056242,0
1006,1,0,0.0,-0.1678194648221896,0
1007,1,0,0.0,-0.251938796897925,0
1008,1,0,0.0,8.180255711590862,0
1009,1,0,0.0,0.9489275483825892,0
1010,1,0,0.0,1.0438063299098723,0
1011,1,0,0.0,-0.2698246349472507,0
1012,1,0,0.0,0.5681548242856145,0
1013,1,0,0.0,-0.0838398658562146,0
1014,1,0,0.0,-0.2797456857402361,0
1015,1,0,0.0,1.7885838049325788,0
1016,1,0,0.0,0.950045413260672,0
1017,1,0,0.0,17.643261370781808,0
1018,1,0,0.0,1.5650108293160063,0
1019,1,0,0.0,8.076573744148677,0
1020,1,0,0.0,-0.2797456857402361,0
1021,1,0,0.0,-0.1467197652483756,0
1022,1,0,0.0,2.881296723258576,0
1023,1,0,0.0,78.32124641933908,0
1024,2,0,0.0,0.7600782505414658,0
1025,1,0,0.0,1.6903514287710473,0
1026,4,0,0.0,-0.1787186473834975,0
1027,1,0,0.0,-0.2158876545797526,0
1028,2,0,0.0,2.5220428980646963,0
1029,2,0,0.0,-0.11632781387549779,0
1030,1,0,0.0,1.034723677775449,0
1031,1,0,0.0,3.786208342066653,0
1032,2,0,0.0,3.340529588485992,0
1033,1,0,0.0,-0.2949765947041151,0
1034,1,0,0.0,0.0430377978061901,0
1035,1,0,0.0,-0.0388458045133794,0
1036,1,0,0.0,-0.135541116467547,0
1037,1,0,0.0,-0.1678194648221896,0
1038,2,0,0.0,0.5624257667854398,0
1039,1,0,0.0,-0.1397331097603577,0
1040,1,0,0.0,13.665898134562983,0
1041,1,0,0.0,1.7915182002375465,0
1042,1,0,0.0,32.126318731223364,0
1043,1,0,0.0,7.062111367288479,0
1044,1,0,0.0,-0.2935792636065116,0
1045,1,0,0.0,-0.2893872703137009,0
1046,1,0,0.0,-0.2376860197023684,0
1047,1,0,0.0,13.875497799203522,0
1048,1,0,0.0,-0.2572486550688185,0
1049,1,0,0.0,-0.1817927757982254,0
1050,1,0,0.0,-0.1858450359812757,0
1051,1,0,0.0,-0.1817927757982254,0
1052,1,0,0.0,-0.2893872703137009,0
1053,1,0,0.0,1.8634807517641307,0
1054,1,0,0.0,-0.2893872703137009,0
1055,1,0,0.0,-0.2572486550688185,0
1056,1,0,0.0,1.0897785230210295,0
1057,1,0,0.0,3.809404038286872,0
1058,1,0,0.0,39.78047928456648,0
1059,1,0,0.0,-0.2893872703137009,0
1060,1,0,0.0,1.8094040382868724,0
1061,1,0,0.0,4.863690351428772,0
1062,1,0,0.0,7.236358555159645,0
1063,1,0,0.0,-0.2949765947041151,0
1064,1,0,0.0,-0.2825403479354433,0
1065,1,0,0.0,1.559002305596311,0
1066,1,0,0.0,3.0915950534479144,0
1067,1,0,0.0,2.998113603018236,0
1068,1,0,0.0,-0.1701949276881157,0
1069,1,0,0.0,-0.202333542932998,0
1070,1,0,0.0,1.3495423740655348,0
1071,1,0,0.0,3.458813665898134,0
1072,1,0,0.0,4.844546915391602,0
1073,1,0,0.0,-0.2824006148256829,0
1074,1,0,0.0,-0.2797456857402361,0
1075,1,0,0.0,-0.170334660797876,0
1076,1,0,0.0,1.501152798155523,0
1077,1,0,0.0,-0.1604136100048906,0
1078,1,0,0.0,-0.2797456857402361,0
1079,1,0,0.0,4.0728009501851465,0
1080,1,0,0.0,-0.1120659540278068,0
1081,1,0,0.0,-0.2797456857402361,0
1082,1,0,0.0,-0.2935792636065116,0
1083,1,0,0.0,-0.2726192971424578,0
1084,1,0,0.0,-0.2949765947041151,0
1085,2,0,0.0,8.745895339900791,0
1086,1,0,0.0,0.3213861524488227,0
1087,1,0,0.0,-0.1264584643331237,0
1088,1,0,0.0,0.4218542583665199,0
1089,1,0,0.0,3.334730664430937,0
1090,1,0,0.0,7.418291064067631,0
1091,1,0,0.0,-0.0985118423810522,0
1092,1,0,0.0,-0.1715922587857192,0
1093,1,0,0.0,-0.2353105568364424,0
1094,1,0,0.0,-0.2864528750087333,0
1095,1,0,0.0,2.5096066512960244,0
1096,1,0,0.0,-0.2449521414099071,0
1097,1,0,0.0,-0.2713616991546147,0
1098,1,0,0.0,-0.2446726751903863,0
1099,1,0,0.0,0.809753371061273,0
1100,1,0,0.0,-0.0036330608537693,0
1101,1,0,0.0,-0.2893872703137009,0
1102,1,0,0.0,-0.1817927757982254,0
1103,1,0,0.0,1.704743939076364,0
1104,1,0,0.0,-0.2935792636065116,0
1105,1,0,0.0,-0.2685670369594075,0
1106,1,0,0.0,-0.2446726751903863,0
1107,1,0,0.0,-0.2949765947041151,0
1108,1,0,0.0,-0.2893872703137009,0
1109,1,0,0.0,4.762803046181793,0
1110,1,0,0.0,2.473276042758332,0
1111,1,0,0.0,-0.2376860197023684,0
1112,1,0,0.0,-0.2966533920212394,0
1113,1,0,0.0,-0.0280863550618319,0
1114,1,0,0.0,-0.0560329770139034,0
1115,1,0,0.0,-0.1155592817718158,0
1116,1,0,0.0,38.43862223153776,0
1117,1,0,0.0,1.5676657584014533,0
1118,1,0,0.0,-0.2797456857402361,0
1119,2,0,0.0,-0.1516802906448683,0
1120,1,0,0.0,3.716900719625516,0
1121,3,0,0.0,5.111250844220872,0
1122,1,0,0.0,3.078320408020681,0
1123,1,0,0.0,-0.2893872703137009,0
1124,1,0,0.0,1.2033815412562008,0
1125,1,0,0.0,15.079997205337806,0
1126,1,0,0.0,-0.1225459372598337,0
1127,1,0,0.0,-0.2797456857402361,0
1128,1,0,0.0,-0.2572486550688185,0
1129,1,0,0.0,0.4619576608677426,0
1130,1,0,0.0,-0.2934395304967512,0
1131,1,0,0.0,0.2962341926919584,0
1132,1,0,0.0,1.267938237965486,0
1133,1,0,0.0,0.2631174456787535,0
1134,1,0,0.0,-0.2797456857402361,0
1135,1,0,0.0,13.05065325228813,0
1136,1,0,0.0,0.0244532942080626,0
1137,1,0,0.0,0.8856284496611472,0
1138,1,0,0.0,-0.1970236847621043,0
1139,1,0,0.0,0.3974009641584573,0
1140,1,0,0.0,-0.1483965625654998,0
1141,1,0,0.0,6.747013204778873,0
1142,1,0,0.0,0.7211625794732062,0
1143,1,0,0.0,2.323901348424509,0
1144,1,0,0.0,-0.2934395304967512,0
1145,1,0,0.0,-0.2935792636065116,0
1146,1,0,0.0,-0.2713616991546147,0
1147,2,0,0.0,3.5003143994969608,0
1148,1,0,0.0,0.5782156081883603,0
1149,1,0,0.0,-0.1957660867742611,0
1150,1,0,0.0,-0.2893872703137009,0
1151,1,0,0.0,5.131977922168658,0
1152,1,0,0.0,-0.2934395304967512,0
1153,1,0,0.0,0.2923216656186684,0
1154,1,0,0.0,3.3494026409557742,0
1155,1,0,0.0,3.234821490952281,0
1156,1,0,0.0,-0.2935792636065116,0
1157,1,0,0.0,-0.2306993642143505,0
1158,1,0,0.0,-0.2353105568364424,0
1159,1,0,0.0,-0.2529169286662475,0
1160,1,0,0.0,-0.2864528750087333,0
1161,1,0,0.0,-0.2935792636065116,0
1162,1,0,0.0,23.021728498567736,0
1163,1,0,0.0,-0.2949765947041151,0
1164,1,0,0.0,11.319360022357298,0
1165,1,0,0.0,1.6055334311465104,0
1166,1,0,0.0,-0.2091804653112555,0
1167,1,0,0.0,1.8071683085307064,0
1168,1,0,0.0,-0.1467197652483756,0
1169,1,0,0.0,-0.2797456857402361,0
1170,1,0,0.0,-0.2659121078739607,0
1171,1,0,0.0,-0.2797456857402361,0
1172,1,0,0.0,3.921469992314679,0
1173,1,0,0.0,3.4653811220568715,0
1174,1,0,0.0,-0.1258995318940823,0
1175,1,0,0.0,-0.0561727101236637,0
1176,1,0,0.0,11.709634597917978,0
1177,1,0,0.0,3.90609935024104,0
1178,1,0,0.0,0.0419199329281073,0
1179,1,0,0.0,1.7885838049325788,0
1180,1,0,0.0,-0.2762523579962272,0
1181,1,0,0.0,-0.2934395304967512,0
1182,1,0,0.0,-0.2824006148256829,0
1183,1,0,0.0,-0.1817927757982254,0
1184,1,0,0.0,-0.2893872703137009,0
1185,1,0,0.0,-0.0001397331097603,0
1186,2,0,0.0,0.059246838538391695,0
1187,2,0,0.0,0.7528121288339271,0
1188,1,0,0.0,-0.2034514078110808,0
1189,1,0,0.0,0.3912527073290016,0
1190,1,0,0.0,-0.2934395304967512,0
1191,1,0,0.0,-0.2237127087263326,0
1192,2,0,0.0,35.11786487808286,0
1193,1,0,0.0,-0.2097393977502969,0
1194,1,0,0.0,4.919723328442674,0
1195,1,0,0.0,-0.1812338433591839,0
1196,1,0,0.0,-0.2935792636065116,0
1197,1,0,0.0,15.839306923775588,0
1198,1,0,0.0,33.14469363515685,0
1199,1,0,0.0,-0.2256689722629777,0
1200,1,0,0.0,-0.2573883881785789,0
1201,1,0,0.0,-0.1678194648221896,0
1202,1,0,0.0,1.2785579543072731,0
1203,1,0,0.0,-0.0293439530496751,0
1204,1,0,0.0,-0.2893872703137009,0
1205,1,0,0.0,-0.1905959617131279,0
1206,1,0,0.0,-0.2825403479354433,0
1207,1,0,0.0,-0.2935792636065116,0
1208,1,0,0.0,-0.2724795640326976,0
1209,3,0,0.0,0.38044668017420064,0
1210,1,0,0.0,-0.1858450359812757,0
1211,1,0,0.0,1.0899182561307903,0
1212,1,0,0.0,-0.1678194648221896,0
1213,1,0,0.0,-0.2325158946412352,0
1214,1,0,0.0,-0.2448124083001467,0
1215,1,0,0.0,-0.2934395304967512,0
1216,1,0,0.0,-0.0280863550618319,0
1217,1,0,0.0,-0.2949765947041151,0
1218,1,0,0.0,0.452735275623559,0
1219,1,0,0.0,0.2513798644588835,0
1220,1,0,0.0,-0.2797456857402361,0
1221,1,0,0.0,-0.221476978970167,0
1222,1,0,0.0,-0.1957660867742611,0
1223,1,0,0.0,10.37476420037728,0
1224,1,0,0.0,-0.2797456857402361,0
1225,1,0,0.0,-0.2322364284217145,0
1226,1,0,0.0,-0.2713616991546147,0
1227,1,0,0.0,-0.2755536924474254,0
1228,1,0,0.0,-0.1594354782365681,0
1229,1,0,0.0,0.5213442325158947,0
1230,1,0,0.0,-0.1678194648221896,0
1231,1,0,0.0,7.540278068888424,0
1232,1,0,0.0,-0.2572486550688185,0
1233,1,0,0.0,-0.1850066373227136,0
1234,1,0,0.0,-0.1678194648221896,0
1235,1,0,0.0,-0.2893872703137009,0
1236,1,0,0.0,-0.2909243345210647,0
1237,1,0,0.0,-0.0455529937818766,0
1238,1,0,0.0,10.172570390554045,0
1239,1,0,0.0,-0.2572486550688185,0
1240,1,0,0.0,-0.2949765947041151,0
1241,1,0,0.0,0.1102494236009222,0
1242,1,0,0.0,0.9047718856983162,0
1243,1,0,0.0,12.62907846014113,0
1244,1,0,0.0,17.159225878571927,0
1245,1,0,0.0,14.255851323971216,0
1246,1,0,0.0,0.922238524418361,0
1247,1,0,0.0,-0.2529169286662475,0
1248,1,0,0.0,1.1368685810102703,0
1249,1,0,0.0,-0.173827988541885,0
1250,1,0,0.0,-0.2797456857402361,0
1251,1,0,0.0,-0.2935792636065116,0
1252,1,0,0.0,-0.2935792636065116,0
1253,1,0,0.0,-0.1678194648221896,0
1254,1,0,0.0,0.2221756445189687,0
1255,1,0,0.0,-0.2797456857402361,0
1256,1,0,0.0,-0.1819325089079857,0
1257,1,0,0.0,-0.2949765947041151,0
1258,1,0,0.0,-0.2572486550688185,0
1259,1,0,0.0,-0.1527282889680709,0
1260,1,0,0.0,8.076573744148677,0
1261,1,0,0.0,-0.2934395304967512,0
1262,1,0,0.0,0.1116467546985258,0
1263,1,0,0.0,-0.2383846852511702,0
1264,1,0,0.0,-0.2949765947041151,0
1265,1,0,0.0,-0.1817927757982254,0
1266,1,0,0.0,-0.290225668972263,0
1267,1,0,0.0,-0.1467197652483756,0
1268,1,0,0.0,-0.2220359114092084,0
1269,1,0,0.0,-0.2573883881785789,0
1270,1,0,0.0,-0.1921330259204918,0
1271,1,0,0.0,1.900370292740865,0
1272,1,0,0.0,21.756445189687696,0
1273,1,0,0.0,4.024453294208063,0
1274,1,0,0.0,-0.2935792636065116,0
1275,1,0,0.0,-0.2893872703137009,0
1276,1,0,0.0,-0.2935792636065116,0
1277,1,0,0.0,-0.2825403479354433,0
1278,1,0,0.0,-0.0419199329281073,0
1279,1,0,0.0,0.0553343114651016,0
1280,1,0,0.0,16.89485083490533,0
1281,1,0,0.0,0.3714106057430308,0
1282,1,0,0.0,-0.2242716411653741,0
1283,1,0,0.0,-0.2516593306784042,0
1284,1,0,0.0,0.2207783134213651,0
1285,1,0,0.0,-0.2354502899462028,0
1286,1,0,0.0,0.3912527073290016,0
1287,1,0,0.0,-0.2949765947041151,0
1288,1,0,0.0,2.5499895200167684,0
1289,1,0,0.0,-0.2935792636065116,0
1290,1,0,0.0,2.460001397331098,0
1291,1,0,0.0,-0.1678194648221896,0
1292,1,0,0.0,-0.2755536924474254,0
1293,1,0,0.0,-0.2924613987284287,0
1294,1,0,0.0,4.880178858380494,0
1295,1,0,0.0,-0.0839795989659749,0
1296,1,0,0.0,-0.126178998113603,0
1297,1,0,0.0,-0.0992105079298539,0
1298,1,0,0.0,-0.2893872703137009,0
1299,1,0,0.0,-0.2825403479354433,0
1300,1,0,0.0,-0.1538461538461538,0
1301,1,0,0.0,0.670718926849717,0
1302,1,0,0.0,-0.2432753440927827,0
1303,1,0,0.0,0.5309858170893593,0
1304,1,0,0.0,-0.2097393977502969,0
1305,1,0,0.0,-0.2949765947041151,0
1306,1,0,0.0,-0.2797456857402361,0
1307,1,0,0.0,0.3905540417801998,0
1308,1,0,0.0,0.787535806609376,0
1309,1,0,0.0,2.5091874519667434,0
1310,1,0,0.0,2.881296723258576,0
1311,1,0,0.0,-0.2934395304967512,0
1312,1,0,0.0,-0.1119262209180465,0
1313,1,0,0.0,-0.2449521414099071,0
1314,1,0,0.0,-0.2824006148256829,0
1315,1,0,0.0,0.380074058548173,0
1316,1,0,0.0,-0.2415985467756584,0
1317,1,0,0.0,0.145322434150772,0
1318,1,0,0.0,0.0199818346957311,0
1319,1,0,0.0,-0.2033116747013205,0
1320,1,0,0.0,12.072940683294908,0
1321,1,0,0.0,3.884580451337945,0
1322,1,0,0.0,-0.2949765947041151,0
1323,1,0,0.0,23.838468525117023,0
1324,1,0,0.0,-0.2935792636065116,0
1325,1,0,0.0,2.4872493537343674,0
1326,1,0,0.0,0.5045762593446518,0
1327,1,0,0.0,-0.2452316076294278,0
